[
  {
    "id": "f9e44fb6-4788-42ee-a30d-cdee69320998",
    "data": [
      {
        "text": "no",
        "userDefined": false
      }
    ],
    "isTemplate": false,
    "count": 0,
    "updated": 1528162147
  },
  {
    "id": "1a94c02b-8f1c-4dd7-a829-0239178e7eaa",
    "data": [
      {
        "text": "I don\u0027t want to do this anymore",
        "userDefined": false
      }
    ],
    "isTemplate": false,
    "count": 0,
    "updated": 1528162147
  },
  {
    "id": "cd8c29b0-81c0-4b28-b7b0-69d9d1249329",
    "data": [
      {
        "text": "exit",
        "userDefined": false
      }
    ],
    "isTemplate": false,
    "count": 0,
    "updated": 1528162147
  },
  {
    "id": "df86245e-0913-4124-af2e-93f2613a874c",
    "data": [
      {
        "text": "gotta go",
        "userDefined": false
      }
    ],
    "isTemplate": false,
    "count": 1,
    "updated": 1528162147
  },
  {
    "id": "23af3358-737b-42ab-bae1-5d69bb7346e5",
    "data": [
      {
        "text": "i\u0027m finished",
        "userDefined": false
      }
    ],
    "isTemplate": false,
    "count": 0,
    "updated": 1528162147
  },
  {
    "id": "8a3c49ec-b5a9-4190-a968-c7d9a8a9e687",
    "data": [
      {
        "text": "I\u0027m tired",
        "userDefined": false
      }
    ],
    "isTemplate": false,
    "count": 0,
    "updated": 1528162147
  },
  {
    "id": "37c26656-8170-4fb1-97b6-0af6e3134484",
    "data": [
      {
        "text": "done",
        "userDefined": false
      }
    ],
    "isTemplate": false,
    "count": 0,
    "updated": 1528162147
  },
  {
    "id": "60142adc-9163-4a88-901c-29a5825bf3dd",
    "data": [
      {
        "text": "that\u0027s it for now",
        "userDefined": false
      }
    ],
    "isTemplate": false,
    "count": 0,
    "updated": 1528162147
  },
  {
    "id": "f9473401-1265-43de-a3be-0c37137b6bf7",
    "data": [
      {
        "text": "let\u0027s stop",
        "userDefined": false
      }
    ],
    "isTemplate": false,
    "count": 0,
    "updated": 1528162147
  },
  {
    "id": "e5789f27-0c36-481f-9bde-f14ce6b9777c",
    "data": [
      {
        "text": "cancel",
        "userDefined": false
      }
    ],
    "isTemplate": false,
    "count": 0,
    "updated": 1528162147
  },
  {
    "id": "e614285d-2040-477e-8182-74dfc478bd39",
    "data": [
      {
        "text": "bye",
        "userDefined": false
      }
    ],
    "isTemplate": false,
    "count": 0,
    "updated": 1528162147
  },
  {
    "id": "47ba793d-7b52-4033-b607-44a63c0de932",
    "data": [
      {
        "text": "stop",
        "userDefined": false
      }
    ],
    "isTemplate": false,
    "count": 0,
    "updated": 1528162147
  },
  {
    "id": "bbf8a21a-b0e3-4387-b089-703ab8aec2bf",
    "data": [
      {
        "text": "ok bye",
        "userDefined": false
      }
    ],
    "isTemplate": false,
    "count": 0,
    "updated": 1528162147
  },
  {
    "id": "e02b1ee9-90b7-4920-839c-186837f71f45",
    "data": [
      {
        "text": "goodbye",
        "userDefined": false
      }
    ],
    "isTemplate": false,
    "count": 0,
    "updated": 1528162147
  },
  {
    "id": "5cf389ca-13f2-4b2d-a259-e3950a57a342",
    "data": [
      {
        "text": "nevermind",
        "userDefined": false
      }
    ],
    "isTemplate": false,
    "count": 0,
    "updated": 1528162147
  },
  {
    "id": "95920db0-b022-4f4b-8a03-a6dd93066b87",
    "data": [
      {
        "text": "let\u0027s stop programming",
        "userDefined": false
      }
    ],
    "isTemplate": false,
    "count": 0,
    "updated": 1528162147
  },
  {
    "id": "98fd7999-5935-4c23-8895-1e95f063d643",
    "data": [
      {
        "text": "bye bye",
        "userDefined": false
      }
    ],
    "isTemplate": false,
    "count": 1,
    "updated": 1528162147
  },
  {
    "id": "fd5fed07-9724-4ee3-9b73-b312b781583c",
    "data": [
      {
        "text": "nothing",
        "userDefined": false
      }
    ],
    "isTemplate": false,
    "count": 0,
    "updated": 1528162147
  },
  {
    "id": "564813f3-a183-4c41-bfb8-7d7acc9129a1",
    "data": [
      {
        "text": "I\u0027m done",
        "userDefined": false
      }
    ],
    "isTemplate": false,
    "count": 0,
    "updated": 1528162147
  }
]