[
  {
    "id": "07c087a3-96ad-4a1a-9c59-32e132e65e08",
    "data": [
      {
        "text": "hidden feature",
        "userDefined": false
      }
    ],
    "isTemplate": false,
    "count": 0,
    "updated": 1524098439
  },
  {
    "id": "803e1e75-584c-4fd7-9264-cc511f645cc0",
    "data": [
      {
        "text": "secret feature",
        "userDefined": false
      }
    ],
    "isTemplate": false,
    "count": 0,
    "updated": 1524098439
  },
  {
    "id": "ad60f278-b37d-4f45-b324-50936672ce93",
    "data": [
      {
        "text": "Do you have any hidden features?",
        "userDefined": false
      }
    ],
    "isTemplate": false,
    "count": 0,
    "updated": 1523582046
  },
  {
    "id": "0650de2f-811b-4479-9cae-bd46ce9d1b22",
    "data": [
      {
        "text": "got an easter egg feature?",
        "userDefined": false
      }
    ],
    "isTemplate": false,
    "count": 0,
    "updated": 1523582046
  },
  {
    "id": "59e76774-7286-4abe-b258-fa843c08d68b",
    "data": [
      {
        "text": "any easter eggs",
        "userDefined": false
      }
    ],
    "isTemplate": false,
    "count": 0,
    "updated": 1523582046
  },
  {
    "id": "ee6184d1-b18b-477a-bf4f-05edec9de7dc",
    "data": [
      {
        "text": "easter egg",
        "userDefined": false
      }
    ],
    "isTemplate": false,
    "count": 0,
    "updated": 1523582046
  }
]