[
  {
    "id": "2a5ff044-c113-445d-b958-f4709e53fc12",
    "data": [
      {
        "text": "How do I program by talking?",
        "userDefined": false
      }
    ],
    "isTemplate": false,
    "count": 0,
    "updated": 1527829055
  },
  {
    "id": "2e4a4aa3-126f-48fc-b0c3-d4b6a638feae",
    "data": [
      {
        "text": "go back to the beginning",
        "userDefined": false
      }
    ],
    "isTemplate": false,
    "count": 0,
    "updated": 1527829055
  },
  {
    "id": "dd9e8fb7-c30d-43ec-bda9-04184246bfde",
    "data": [
      {
        "text": "how does this work",
        "userDefined": false
      }
    ],
    "isTemplate": false,
    "count": 0,
    "updated": 1527829055
  },
  {
    "id": "c58c5deb-6d7f-4125-8278-a2a99a8ad21a",
    "data": [
      {
        "text": "What do I do",
        "userDefined": false
      }
    ],
    "isTemplate": false,
    "count": 0,
    "updated": 1527829055
  },
  {
    "id": "35bd8ded-68f5-4e58-b7c1-fc4de0ef4763",
    "data": [
      {
        "text": "what am i supposed to do",
        "userDefined": false
      }
    ],
    "isTemplate": false,
    "count": 0,
    "updated": 1527829055
  },
  {
    "id": "db03777b-d6e0-4207-ad5c-5cd07b017907",
    "data": [
      {
        "text": "what is this",
        "userDefined": false
      }
    ],
    "isTemplate": false,
    "count": 0,
    "updated": 1527829055
  },
  {
    "id": "6ac25346-0e38-4ee8-8666-d6b5766b096b",
    "data": [
      {
        "text": "teach me how to code",
        "userDefined": false
      }
    ],
    "isTemplate": false,
    "count": 0,
    "updated": 1527829055
  },
  {
    "id": "dceafd37-541e-474e-bf7b-bca12776308a",
    "data": [
      {
        "text": "let\u0027s start again",
        "userDefined": false
      }
    ],
    "isTemplate": false,
    "count": 0,
    "updated": 1527829055
  },
  {
    "id": "44f075c4-476d-41a0-93db-745954f14f51",
    "data": [
      {
        "text": "I want to learn to program",
        "userDefined": false
      }
    ],
    "isTemplate": false,
    "count": 0,
    "updated": 1527829055
  },
  {
    "id": "972a5ee9-335a-4826-8b75-068382211063",
    "data": [
      {
        "text": "how do you use this?",
        "userDefined": false
      }
    ],
    "isTemplate": false,
    "count": 0,
    "updated": 1527829055
  },
  {
    "id": "231137d7-db9c-4567-9067-d63133f1b68a",
    "data": [
      {
        "text": "teach me to program",
        "userDefined": false
      }
    ],
    "isTemplate": false,
    "count": 0,
    "updated": 1527829055
  },
  {
    "id": "0031afbf-dd59-4bfb-a73b-f4bde63fc908",
    "data": [
      {
        "text": "what can i do",
        "userDefined": false
      }
    ],
    "isTemplate": false,
    "count": 0,
    "updated": 1527829055
  },
  {
    "id": "891a8f58-ae7f-48db-82bc-6773a484be10",
    "data": [
      {
        "text": "what\u0027s going on",
        "userDefined": false
      }
    ],
    "isTemplate": false,
    "count": 0,
    "updated": 1527829055
  },
  {
    "id": "a813c48f-0eb2-4b32-988d-230be2f40a23",
    "data": [
      {
        "text": "what do you do",
        "userDefined": false
      }
    ],
    "isTemplate": false,
    "count": 0,
    "updated": 1527829055
  },
  {
    "id": "ac204c49-4c64-49d8-b106-2fbc53c75650",
    "data": [
      {
        "text": "How can I program by voice?",
        "userDefined": false
      }
    ],
    "isTemplate": false,
    "count": 0,
    "updated": 1527829055
  }
]