[
  {
    "id": "e5fb7043-6b17-424c-8418-cfbc937882f2",
    "data": [
      {
        "text": "let\u0027s build something different",
        "userDefined": false
      }
    ],
    "isTemplate": false,
    "count": 0,
    "updated": 1524527793
  },
  {
    "id": "5df9335b-8174-442f-a00a-b3073f4579b2",
    "data": [
      {
        "text": "make something else",
        "userDefined": false
      }
    ],
    "isTemplate": false,
    "count": 0,
    "updated": 1524527793
  },
  {
    "id": "4ec566e7-954e-493b-b055-9c35319a7d44",
    "data": [
      {
        "text": "do something else",
        "userDefined": false
      }
    ],
    "isTemplate": false,
    "count": 0,
    "updated": 1524527793
  }
]