[
  {
    "id": "ba06e6ad-88b2-4bc1-9988-cb15d9beea33",
    "data": [
      {
        "text": "what do you do",
        "userDefined": false
      }
    ],
    "isTemplate": false,
    "count": 0
  },
  {
    "id": "4509114f-ea39-4c69-a6a5-f99ccfa852bb",
    "data": [
      {
        "text": "what can you do",
        "userDefined": false
      }
    ],
    "isTemplate": false,
    "count": 0
  },
  {
    "id": "61af22b6-469a-41a5-8484-bf50e25c4a52",
    "data": [
      {
        "text": "what do I do",
        "userDefined": false
      }
    ],
    "isTemplate": false,
    "count": 0
  },
  {
    "id": "e80dcf60-2bc4-44c1-af38-adb3570c273d",
    "data": [
      {
        "text": "what can I do",
        "userDefined": false
      }
    ],
    "isTemplate": false,
    "count": 0
  },
  {
    "id": "2bc07ebb-f103-4839-aff3-58d3bcbcf247",
    "data": [
      {
        "text": "who are you",
        "userDefined": false
      }
    ],
    "isTemplate": false,
    "count": 0
  },
  {
    "id": "c3976b9c-0f71-4a2a-a8e5-1e4d85cf0123",
    "data": [
      {
        "text": "What\u0027s code tutor?",
        "userDefined": false
      }
    ],
    "isTemplate": false,
    "count": 0
  },
  {
    "id": "31de5c6a-a71e-48ec-bb99-37345f3fd2f9",
    "data": [
      {
        "text": "what is code tutor",
        "userDefined": false
      }
    ],
    "isTemplate": false,
    "count": 0
  },
  {
    "id": "ca43338c-cd70-4f18-8c7b-6cbf5b1ac655",
    "data": [
      {
        "text": "I don\u0027t know",
        "userDefined": false
      }
    ],
    "isTemplate": false,
    "count": 0,
    "updated": 1524528250
  },
  {
    "id": "8bc9ec13-975f-40c7-8bc1-7a3fbf6b7cb9",
    "data": [
      {
        "text": "what else can i build",
        "userDefined": false
      }
    ],
    "isTemplate": false,
    "count": 0,
    "updated": 1524528250
  },
  {
    "id": "3bae7761-c9ab-4ad8-a48d-c0514f3a3199",
    "data": [
      {
        "text": "What else can I make?",
        "userDefined": false
      }
    ],
    "isTemplate": false,
    "count": 0,
    "updated": 1524528250
  },
  {
    "id": "2c9189fc-e9b4-4057-964a-64a8e99a43be",
    "data": [
      {
        "text": "I\u0027m confused",
        "userDefined": false
      }
    ],
    "isTemplate": false,
    "count": 1,
    "updated": 1524528250
  }
]