[
  {
    "id": "2bd0097a-8507-4c3c-a1ec-9dc35b202426",
    "data": [
      {
        "text": "Yes, a variable",
        "userDefined": false
      }
    ],
    "isTemplate": false,
    "count": 0,
    "updated": 1524195499
  },
  {
    "id": "f38d6d9d-55eb-4b52-a3d6-e31aedc98753",
    "data": [
      {
        "text": "I want to code a variable",
        "userDefined": false
      }
    ],
    "isTemplate": false,
    "count": 0,
    "updated": 1524195499
  },
  {
    "id": "cdfe3d96-fd31-4860-8801-fd2bea487390",
    "data": [
      {
        "text": "I want to create a variable",
        "userDefined": false
      }
    ],
    "isTemplate": false,
    "count": 0,
    "updated": 1524195499
  },
  {
    "id": "ef600602-04c0-4c57-9304-8c51890fe7de",
    "data": [
      {
        "text": "i want to build a variable",
        "userDefined": false
      }
    ],
    "isTemplate": false,
    "count": 0,
    "updated": 1524195499
  },
  {
    "id": "eec984ef-57a2-46ac-9769-8235b5e309f1",
    "data": [
      {
        "text": "variable",
        "userDefined": false
      }
    ],
    "isTemplate": false,
    "count": 0,
    "updated": 1524195499
  },
  {
    "id": "c54febee-50cd-4827-a76a-f4d477537143",
    "data": [
      {
        "text": "a variable",
        "userDefined": false
      }
    ],
    "isTemplate": false,
    "count": 2,
    "updated": 1524195499
  }
]