[
  {
    "id": "97c4bb6b-4cc9-44df-9c6b-2571625bf8cb",
    "data": [
      {
        "text": "i want to create an array",
        "userDefined": false
      }
    ],
    "isTemplate": false,
    "count": 0,
    "updated": 1523244593
  },
  {
    "id": "89098dbd-9637-4587-9544-aadbee8f54ce",
    "data": [
      {
        "text": "i want to code an array",
        "userDefined": false
      }
    ],
    "isTemplate": false,
    "count": 0,
    "updated": 1523244593
  },
  {
    "id": "984a2d36-1df4-4698-904d-7135b886d013",
    "data": [
      {
        "text": "i want to build an array",
        "userDefined": false
      }
    ],
    "isTemplate": false,
    "count": 0,
    "updated": 1523244593
  },
  {
    "id": "2b88648f-a7ad-4d7a-ac7c-c7d117d4331a",
    "data": [
      {
        "text": "i want an array",
        "userDefined": false
      }
    ],
    "isTemplate": false,
    "count": 0,
    "updated": 1523244593
  },
  {
    "id": "4ddca35d-947e-4b12-b6e5-95778ca396e0",
    "data": [
      {
        "text": "a list",
        "userDefined": false
      }
    ],
    "isTemplate": false,
    "count": 0,
    "updated": 1523244593
  },
  {
    "id": "ed8da44a-9ace-4445-a2cb-919e21227002",
    "data": [
      {
        "text": "Yes, an array",
        "userDefined": false
      }
    ],
    "isTemplate": false,
    "count": 0,
    "updated": 1523244593
  },
  {
    "id": "90df99b5-b9a9-4471-b7f9-a741da009a09",
    "data": [
      {
        "text": "array",
        "userDefined": false
      }
    ],
    "isTemplate": false,
    "count": 0,
    "updated": 1523244593
  },
  {
    "id": "2c9f4363-8b47-4fd1-bef9-d1e587da5251",
    "data": [
      {
        "text": "an array",
        "userDefined": false
      }
    ],
    "isTemplate": false,
    "count": 0,
    "updated": 1523244593
  }
]