[
  {
    "id": "8b0f03f1-9e83-4dfb-b0b1-f4fa1a3a4c2e",
    "data": [
      {
        "text": "i want to code a string",
        "userDefined": false
      }
    ],
    "isTemplate": false,
    "count": 0,
    "updated": 1522722001
  },
  {
    "id": "69be0312-993c-4b0d-b269-049b56b60cc1",
    "data": [
      {
        "text": "i want to build a string",
        "userDefined": false
      }
    ],
    "isTemplate": false,
    "count": 0,
    "updated": 1522722001
  },
  {
    "id": "5e2d6cb7-d9ce-420e-af66-a2259569c362",
    "data": [
      {
        "text": "I want a string",
        "userDefined": false
      }
    ],
    "isTemplate": false,
    "count": 0,
    "updated": 1522722001
  },
  {
    "id": "7b8d79b7-d1ff-4cec-8955-86a1a3ac7ab2",
    "data": [
      {
        "text": "i want to create a string",
        "userDefined": false
      }
    ],
    "isTemplate": false,
    "count": 0,
    "updated": 1522722001
  },
  {
    "id": "2e38d7d2-794b-49c5-8372-59b128da4a7b",
    "data": [
      {
        "text": "a string",
        "userDefined": false
      }
    ],
    "isTemplate": false,
    "count": 0,
    "updated": 1522719219
  },
  {
    "id": "ca997f6c-df5d-496c-a120-ea66dc8922fb",
    "data": [
      {
        "text": "Yes, a string",
        "userDefined": false
      }
    ],
    "isTemplate": false,
    "count": 0,
    "updated": 1522719219
  },
  {
    "id": "5aebeba1-d52c-4393-bb3d-5b19396044e0",
    "data": [
      {
        "text": "string",
        "userDefined": false
      }
    ],
    "isTemplate": false,
    "count": 0,
    "updated": 1522719219
  }
]