[
  {
    "id": "5f75b15b-4e9a-44e1-b90b-bb7a0843af9f",
    "data": [
      {
        "text": "a loop",
        "userDefined": false
      }
    ],
    "isTemplate": false,
    "count": 1,
    "updated": 1522719249
  },
  {
    "id": "7669fcc5-148c-4e08-8941-4b6d5693d36f",
    "data": [
      {
        "text": "i want to create a loop",
        "userDefined": false
      }
    ],
    "isTemplate": false,
    "count": 0,
    "updated": 1522722033
  },
  {
    "id": "2a1b7a45-568b-4579-bad7-68ccff5c548f",
    "data": [
      {
        "text": "i want to build a loop",
        "userDefined": false
      }
    ],
    "isTemplate": false,
    "count": 0,
    "updated": 1522722033
  },
  {
    "id": "03b9722f-6e49-489d-97a4-51313adf487d",
    "data": [
      {
        "text": "i want a loop",
        "userDefined": false
      }
    ],
    "isTemplate": false,
    "count": 0,
    "updated": 1522722033
  },
  {
    "id": "9e2e9706-107b-4bee-906e-495a4e615c6d",
    "data": [
      {
        "text": "i want to code a loop",
        "userDefined": false
      }
    ],
    "isTemplate": false,
    "count": 0,
    "updated": 1522722033
  },
  {
    "id": "bbcf7e5e-f7a1-41e8-a591-0e76cae8b6f6",
    "data": [
      {
        "text": "loop",
        "userDefined": false
      }
    ],
    "isTemplate": false,
    "count": 0,
    "updated": 1522719249
  },
  {
    "id": "d22cc958-7086-406c-ab92-6d4581757989",
    "data": [
      {
        "text": "Yes, a loop",
        "userDefined": false
      }
    ],
    "isTemplate": false,
    "count": 0,
    "updated": 1522719249
  }
]