[
  {
    "id": "9abd022d-8fa1-4a78-b86f-05e9b159cf33",
    "data": [
      {
        "text": "the example code again",
        "userDefined": false
      }
    ],
    "isTemplate": false,
    "count": 0,
    "updated": 1524193374
  },
  {
    "id": "475f6e67-91d8-43d9-8865-d689f541f468",
    "data": [
      {
        "text": "go to example",
        "userDefined": false
      }
    ],
    "isTemplate": false,
    "count": 0,
    "updated": 1526932003
  },
  {
    "id": "38337ab0-f4cc-4dd8-a121-8f45252ae63e",
    "data": [
      {
        "text": "example",
        "userDefined": false
      }
    ],
    "isTemplate": false,
    "count": 0,
    "updated": 1524193374
  },
  {
    "id": "33a837c9-69f8-4efa-932d-1e84ae0a0573",
    "data": [
      {
        "text": "try the example again",
        "userDefined": false
      }
    ],
    "isTemplate": false,
    "count": 0,
    "updated": 1524193374
  },
  {
    "id": "261a6524-8567-4149-a498-e467fee79307",
    "data": [
      {
        "text": "just go through an example",
        "userDefined": false
      }
    ],
    "isTemplate": false,
    "count": 0,
    "updated": 1526932003
  },
  {
    "id": "90406e34-0b5c-42e2-a464-8d83a135ab1a",
    "data": [
      {
        "text": "give me an example",
        "userDefined": false
      }
    ],
    "isTemplate": false,
    "count": 0,
    "updated": 1524193374
  }
]