[
  {
    "id": "2eb127a7-a5ae-49d5-bd35-39d0973715b0",
    "data": [
      {
        "text": "what\u0027s programming mean",
        "userDefined": false
      }
    ],
    "isTemplate": false,
    "count": 0,
    "updated": 1524195663
  },
  {
    "id": "055c3045-a1b5-4fb2-ba70-d946355dd1d5",
    "data": [
      {
        "text": "what is programming",
        "userDefined": false
      }
    ],
    "isTemplate": false,
    "count": 0,
    "updated": 1523413875
  },
  {
    "id": "f8bd7709-2aa6-43f7-ab7f-1cdb4ebf428b",
    "data": [
      {
        "text": "what is code",
        "userDefined": false
      }
    ],
    "isTemplate": false,
    "count": 0,
    "updated": 1523413875
  },
  {
    "id": "17c37d0b-ac78-4a38-9391-bce4fc16dbec",
    "data": [
      {
        "text": "what does code mean",
        "userDefined": false
      }
    ],
    "isTemplate": false,
    "count": 0,
    "updated": 1523413875
  },
  {
    "id": "e3b3e641-5a11-4dd0-ab51-f85e0748dd3a",
    "data": [
      {
        "text": "what does code do",
        "userDefined": false
      }
    ],
    "isTemplate": false,
    "count": 0,
    "updated": 1523413875
  },
  {
    "id": "42b4087f-1fd3-444d-a161-4df1cb638179",
    "data": [
      {
        "text": "what\u0027s code",
        "userDefined": false
      }
    ],
    "isTemplate": false,
    "count": 0,
    "updated": 1523413875
  }
]