[
  {
    "id": "ec1ac73f-825b-4c9e-a0a2-8e48ab1f9799",
    "data": [
      {
        "text": "what\u0027s a variable",
        "userDefined": false
      }
    ],
    "isTemplate": false,
    "count": 1,
    "updated": 1524195329
  },
  {
    "id": "d6a61494-f48b-49cf-8700-008d7786175c",
    "data": [
      {
        "text": "what does a variable do",
        "userDefined": false
      }
    ],
    "isTemplate": false,
    "count": 0,
    "updated": 1524195329
  },
  {
    "id": "842832e5-b1a5-4107-b057-8608e01dd3f6",
    "data": [
      {
        "text": "what does a variable mean",
        "userDefined": false
      }
    ],
    "isTemplate": false,
    "count": 0,
    "updated": 1524195329
  },
  {
    "id": "fc8bff2e-e641-4a02-a536-bf246ab744be",
    "data": [
      {
        "text": "what is a variable",
        "userDefined": false
      }
    ],
    "isTemplate": false,
    "count": 0,
    "updated": 1524195329
  }
]