[
  {
    "id": "bf86d8c3-421e-47b7-b826-8b09a3a90549",
    "data": [
      {
        "text": "what does an array mean",
        "userDefined": false
      }
    ],
    "isTemplate": false,
    "count": 0,
    "updated": 1524526983
  },
  {
    "id": "cbaa3adf-b78d-41ab-b6f6-3389239fe81d",
    "data": [
      {
        "text": "what is an array",
        "userDefined": false
      }
    ],
    "isTemplate": false,
    "count": 0,
    "updated": 1524526983
  },
  {
    "id": "b38f308f-acde-481a-b0e6-056479b701a5",
    "data": [
      {
        "text": "what does an array do",
        "userDefined": false
      }
    ],
    "isTemplate": false,
    "count": 0,
    "updated": 1524526983
  },
  {
    "id": "7b971d7e-8d3d-4412-954d-c0e2385a4c99",
    "data": [
      {
        "text": "what\u0027s an array",
        "userDefined": false
      }
    ],
    "isTemplate": false,
    "count": 0,
    "updated": 1524526983
  }
]