[
  {
    "id": "03d34815-7418-4732-b74d-0196be35b9a3",
    "data": [
      {
        "text": "what does a loop do",
        "userDefined": false
      }
    ],
    "isTemplate": false,
    "count": 0,
    "updated": 1524105414
  },
  {
    "id": "f6b5e3ca-fa53-4611-98ab-647aff11bd7c",
    "data": [
      {
        "text": "what\u0027s a loop",
        "userDefined": false
      }
    ],
    "isTemplate": false,
    "count": 0,
    "updated": 1524105414
  },
  {
    "id": "ceb87a64-d7d2-4231-870d-d5b3cbcd7d13",
    "data": [
      {
        "text": "what does a loop mean",
        "userDefined": false
      }
    ],
    "isTemplate": false,
    "count": 0,
    "updated": 1524105414
  },
  {
    "id": "9a03da84-7b1a-4e15-b844-182db467044d",
    "data": [
      {
        "text": "what is a loop",
        "userDefined": false
      }
    ],
    "isTemplate": false,
    "count": 0,
    "updated": 1524105414
  }
]