[
  {
    "id": "8aca4bcf-edb5-4522-82d6-1cb88c3936ef",
    "data": [
      {
        "text": "set x equal to @sys.any:value",
        "userDefined": false
      }
    ],
    "isTemplate": true,
    "count": 0,
    "updated": 1524192894
  },
  {
    "id": "ed8a491a-2fa0-48fe-a4f6-aa016e84129f",
    "data": [
      {
        "text": "let x equal @sys.any:value",
        "userDefined": false
      }
    ],
    "isTemplate": true,
    "count": 0,
    "updated": 1524192894
  },
  {
    "id": "4e82ce8c-3bb2-47be-ace7-d37892e3abb5",
    "data": [
      {
        "text": "assign @sys.any:value",
        "userDefined": false
      }
    ],
    "isTemplate": true,
    "count": 0,
    "updated": 1524192894
  },
  {
    "id": "d122a277-be99-4bcb-a509-f5b03dbc2f75",
    "data": [
      {
        "text": "x equals @sys.any:value",
        "userDefined": false
      }
    ],
    "isTemplate": true,
    "count": 0,
    "updated": 1524192894
  },
  {
    "id": "f6a153ac-deda-4355-b8f0-befa18823ca9",
    "data": [
      {
        "text": "x \u003d @sys.any:value",
        "userDefined": false
      }
    ],
    "isTemplate": true,
    "count": 0,
    "updated": 1524192894
  },
  {
    "id": "b87ad8fe-b7b8-4d96-8684-e8538b1e4eee",
    "data": [
      {
        "text": "hi",
        "userDefined": false
      }
    ],
    "isTemplate": false,
    "count": 0,
    "updated": 1524192894
  },
  {
    "id": "2a0eacdc-9ed3-422c-b28e-8a7534026bee",
    "data": [
      {
        "text": "@sys.any:value",
        "userDefined": false
      }
    ],
    "isTemplate": true,
    "count": 0,
    "updated": 1524192894
  }
]