[
  {
    "id": "ff75d376-7717-4949-8333-ee7fe7c409ff",
    "data": [
      {
        "text": "make it have @sys.number-integer:size items",
        "userDefined": false
      }
    ],
    "isTemplate": true,
    "count": 0,
    "updated": 1524192934
  },
  {
    "id": "397f02de-d91f-409b-999d-5844b73ee783",
    "data": [
      {
        "text": "over ",
        "userDefined": false
      },
      {
        "text": "9000",
        "alias": "size",
        "meta": "@sys.number-integer",
        "userDefined": true
      }
    ],
    "isTemplate": false,
    "count": 0,
    "updated": 1523580003
  },
  {
    "id": "c9392c00-45af-4e0e-be0a-083a489c7c55",
    "data": [
      {
        "text": "it\u0027s over ",
        "userDefined": false
      },
      {
        "text": "9000",
        "alias": "size",
        "meta": "@sys.number-integer",
        "userDefined": true
      }
    ],
    "isTemplate": false,
    "count": 0,
    "updated": 1523580003
  },
  {
    "id": "2e209ab0-216d-455e-bbad-92215b8fe17c",
    "data": [
      {
        "text": "@sys.number-integer:size",
        "userDefined": false
      }
    ],
    "isTemplate": true,
    "count": 0,
    "updated": 1522990761
  }
]