[
  {
    "id": "ebe1cfac-37ed-4f7a-8f80-eb3e6595bc38",
    "data": [
      {
        "text": "what is if statement",
        "userDefined": false
      }
    ],
    "isTemplate": false,
    "count": 0,
    "updated": 1523670984
  },
  {
    "id": "c6b332e4-e69d-4fee-9f45-d4185c972f3a",
    "data": [
      {
        "text": "what\u0027s an if statement?",
        "userDefined": false
      }
    ],
    "isTemplate": false,
    "count": 0,
    "updated": 1523670984
  },
  {
    "id": "1699900a-a7dd-46b9-b7a4-bc9bce1988c2",
    "data": [
      {
        "text": "go on",
        "userDefined": false
      }
    ],
    "isTemplate": false,
    "count": 0,
    "updated": 1523669560
  },
  {
    "id": "92990236-56a0-45d6-b305-3148bd150f08",
    "data": [
      {
        "text": "continue",
        "userDefined": false
      }
    ],
    "isTemplate": false,
    "count": 0,
    "updated": 1523669560
  },
  {
    "id": "f73c627f-e9a1-46f4-96e4-86feb04f051b",
    "data": [
      {
        "text": "tell me more",
        "userDefined": false
      }
    ],
    "isTemplate": false,
    "count": 0,
    "updated": 1523669560
  },
  {
    "id": "e9032f77-4f0f-489f-b5b5-132f440779e3",
    "data": [
      {
        "text": "yes please",
        "userDefined": false
      }
    ],
    "isTemplate": false,
    "count": 0,
    "updated": 1523669560
  },
  {
    "id": "ac6ead83-20a0-4c94-b5d1-219308fe24b6",
    "data": [
      {
        "text": "yup",
        "userDefined": false
      }
    ],
    "isTemplate": false,
    "count": 0,
    "updated": 1523669560
  },
  {
    "id": "cff00deb-1542-4afc-9f9b-94d1ba4512f2",
    "data": [
      {
        "text": "yeah",
        "userDefined": false
      }
    ],
    "isTemplate": false,
    "count": 0,
    "updated": 1523669560
  },
  {
    "id": "40e7c462-00e1-40ce-896c-ac2c87e90165",
    "data": [
      {
        "text": "yes",
        "userDefined": false
      }
    ],
    "isTemplate": false,
    "count": 0,
    "updated": 1523669560
  }
]