[
  {
    "id": "3be739c4-56e8-440d-906c-29af37421f10",
    "data": [
      {
        "text": "what\u0027s on the list",
        "userDefined": false
      }
    ],
    "isTemplate": false,
    "count": 0,
    "updated": 1524278845
  },
  {
    "id": "146c2cf8-f593-4229-b45e-01066eb0ea6b",
    "data": [
      {
        "text": "what is on the list",
        "userDefined": false
      }
    ],
    "isTemplate": false,
    "count": 0,
    "updated": 1524278845
  },
  {
    "id": "c15df30a-3e4a-44a7-9ada-978812af427f",
    "data": [
      {
        "text": "what are my options",
        "userDefined": false
      }
    ],
    "isTemplate": false,
    "count": 0,
    "updated": 1524278845
  },
  {
    "id": "1d4dc330-e9ce-44e4-94e2-130fd64806d7",
    "data": [
      {
        "text": "what can i say",
        "userDefined": false
      }
    ],
    "isTemplate": false,
    "count": 0,
    "updated": 1524278845
  },
  {
    "id": "4fc372b2-6645-4581-9ca6-032aa38d772b",
    "data": [
      {
        "text": "what can i do",
        "userDefined": false
      }
    ],
    "isTemplate": false,
    "count": 0,
    "updated": 1524278845
  }
]