[
  {
    "id": "7460157b-274c-4134-b3f6-a6cc0ef918aa",
    "data": [
      {
        "text": "repeated ",
        "userDefined": false
      },
      {
        "text": "3",
        "alias": "times",
        "meta": "@sys.number-integer",
        "userDefined": false
      },
      {
        "text": " times",
        "userDefined": false
      }
    ],
    "isTemplate": false,
    "count": 0,
    "updated": 1543818555
  },
  {
    "id": "e1e3474f-4337-47dd-91bc-fd3bdfe95665",
    "data": [
      {
        "text": "repeat ",
        "userDefined": false
      },
      {
        "text": "3",
        "alias": "times",
        "meta": "@sys.number-integer",
        "userDefined": false
      },
      {
        "text": " times",
        "userDefined": false
      }
    ],
    "isTemplate": false,
    "count": 0,
    "updated": 1543818386
  },
  {
    "id": "1469c4b8-43a9-48d7-acc8-f756e3ef8c47",
    "data": [
      {
        "text": "repeats ",
        "userDefined": false
      },
      {
        "text": "3",
        "alias": "times",
        "meta": "@sys.number-integer",
        "userDefined": true
      },
      {
        "text": " times",
        "userDefined": false
      }
    ],
    "isTemplate": false,
    "count": 1,
    "updated": 1543818555
  },
  {
    "id": "9229d144-b0aa-470c-af37-9c12d66e2bff",
    "data": [
      {
        "text": "repeating @sys.number-integer:times times",
        "userDefined": false
      }
    ],
    "isTemplate": true,
    "count": 0,
    "updated": 1524527539
  },
  {
    "id": "387b6be8-477e-4492-af6e-08fbd2b9650f",
    "data": [
      {
        "text": "repeat the next step @sys.number-integer:times times",
        "userDefined": false
      }
    ],
    "isTemplate": true,
    "count": 1,
    "updated": 1524279047
  },
  {
    "id": "1d0dd902-abd6-43cd-872b-9fd03ecdd4f5",
    "data": [
      {
        "text": "repeat @sys.number-integer:times time",
        "userDefined": false
      }
    ],
    "isTemplate": true,
    "count": 0,
    "updated": 1524279047
  },
  {
    "id": "8a80f045-d227-4e42-8cbb-c244864d9f23",
    "data": [
      {
        "text": "repeat the following @sys.number-integer:times times",
        "userDefined": false
      }
    ],
    "isTemplate": true,
    "count": 0,
    "updated": 1524279047
  },
  {
    "id": "af8a0a86-3bbd-4e57-aec5-441ae1329ee1",
    "data": [
      {
        "text": "repeat @sys.number-integer:times times",
        "userDefined": false
      }
    ],
    "isTemplate": true,
    "count": 0,
    "updated": 1524279047
  }
]