[
  {
    "id": "69f44ff5-351f-4187-8595-09684cab2198",
    "data": [
      {
        "text": "I\u0027m tired",
        "userDefined": false
      }
    ],
    "isTemplate": false,
    "count": 0,
    "updated": 1522722753
  },
  {
    "id": "e1028ebb-e1cd-46ef-aa79-26dd59fab163",
    "data": [
      {
        "text": "I don\u0027t want to do this anymore",
        "userDefined": false
      }
    ],
    "isTemplate": false,
    "count": 0,
    "updated": 1522722753
  },
  {
    "id": "d16f36cf-b33e-40b2-910d-7b84deeb7869",
    "data": [
      {
        "text": "gotta go",
        "userDefined": false
      }
    ],
    "isTemplate": false,
    "count": 0,
    "updated": 1522722753
  },
  {
    "id": "337370c5-e33b-469a-859f-47a4dc15b559",
    "data": [
      {
        "text": "goodbye",
        "userDefined": false
      }
    ],
    "isTemplate": false,
    "count": 0,
    "updated": 1522722753
  },
  {
    "id": "742986e8-5c59-4dc4-9b3e-5f1b7a9e6fb8",
    "data": [
      {
        "text": "bye bye",
        "userDefined": false
      }
    ],
    "isTemplate": false,
    "count": 0,
    "updated": 1522722753
  },
  {
    "id": "5297b197-9909-4808-bbd7-1ca3d7cb3264",
    "data": [
      {
        "text": "bye",
        "userDefined": false
      }
    ],
    "isTemplate": false,
    "count": 0,
    "updated": 1522722753
  },
  {
    "id": "04b302da-7976-473e-97ca-b21615d9a2f5",
    "data": [
      {
        "text": "let\u0027s stop programming",
        "userDefined": false
      }
    ],
    "isTemplate": false,
    "count": 0,
    "updated": 1522722753
  },
  {
    "id": "ebc7d41d-60e9-416f-89c1-70ea7d2cabec",
    "data": [
      {
        "text": "i\u0027m finished",
        "userDefined": false
      }
    ],
    "isTemplate": false,
    "count": 0,
    "updated": 1522722753
  },
  {
    "id": "122c0c68-0826-4945-b03f-5ab62a26c1cd",
    "data": [
      {
        "text": "exit",
        "userDefined": false
      }
    ],
    "isTemplate": false,
    "count": 0,
    "updated": 1522722753
  },
  {
    "id": "5eeb6560-d15b-46b0-83b0-dbd52434c975",
    "data": [
      {
        "text": "let\u0027s stop",
        "userDefined": false
      }
    ],
    "isTemplate": false,
    "count": 0,
    "updated": 1522722753
  },
  {
    "id": "56a6cf0c-d919-4abe-939d-067ac55e9e4a",
    "data": [
      {
        "text": "stop",
        "userDefined": false
      }
    ],
    "isTemplate": false,
    "count": 0,
    "updated": 1522722753
  },
  {
    "id": "abd4ba97-b064-4645-85ef-9c10665e68c7",
    "data": [
      {
        "text": "done",
        "userDefined": false
      }
    ],
    "isTemplate": false,
    "count": 0,
    "updated": 1522722753
  },
  {
    "id": "4cc14141-3006-4665-9c55-998cd8c70c2a",
    "data": [
      {
        "text": "I\u0027m done",
        "userDefined": false
      }
    ],
    "isTemplate": false,
    "count": 0,
    "updated": 1522722753
  },
  {
    "id": "152b76a1-ffe5-4cd7-84e1-fcd65ffa91ed",
    "data": [
      {
        "text": "nothing",
        "userDefined": false
      }
    ],
    "isTemplate": false,
    "count": 0,
    "updated": 1522722753
  },
  {
    "id": "11cf67b6-0ad8-451f-a92f-28edf9169b81",
    "data": [
      {
        "text": "nevermind",
        "userDefined": false
      }
    ],
    "isTemplate": false,
    "count": 0,
    "updated": 1522722753
  },
  {
    "id": "45a61b9a-0ae7-4ec2-8fd6-89f7282bb97b",
    "data": [
      {
        "text": "no",
        "userDefined": false
      }
    ],
    "isTemplate": false,
    "count": 0,
    "updated": 1522722753
  }
]