[
  {
    "id": "87d37289-68a7-4f38-b880-76bcaab7e01d",
    "data": [
      {
        "text": "what is this",
        "userDefined": false
      }
    ],
    "isTemplate": false,
    "count": 0,
    "updated": 1523244491
  },
  {
    "id": "bf87acb3-b26d-4d5b-8ed9-2b76f130223b",
    "data": [
      {
        "text": "What do I do",
        "userDefined": false
      }
    ],
    "isTemplate": false,
    "count": 0,
    "updated": 1523244491
  },
  {
    "id": "75023c94-c348-4bc7-9bc2-3608b3dd02db",
    "data": [
      {
        "text": "hi",
        "userDefined": false
      }
    ],
    "isTemplate": false,
    "count": 2,
    "updated": 1523244491
  },
  {
    "id": "9ddd6290-f3d1-475c-aea1-38580e82b5bd",
    "data": [
      {
        "text": "teach me to program",
        "userDefined": false
      }
    ],
    "isTemplate": false,
    "count": 0,
    "updated": 1523244491
  },
  {
    "id": "cabc83eb-3117-4762-9d4b-5f512456782f",
    "data": [
      {
        "text": "what can i do",
        "userDefined": false
      }
    ],
    "isTemplate": false,
    "count": 0,
    "updated": 1523244491
  },
  {
    "id": "64e961d2-c80c-4c73-815c-e2199159060d",
    "data": [
      {
        "text": "what do you do",
        "userDefined": false
      }
    ],
    "isTemplate": false,
    "count": 0,
    "updated": 1523244491
  },
  {
    "id": "79ca5b37-8803-4318-b3ad-68ecab679730",
    "data": [
      {
        "text": "How do I program by talking?",
        "userDefined": false
      }
    ],
    "isTemplate": false,
    "count": 0,
    "updated": 1523244491
  },
  {
    "id": "0a69fc06-1101-47f8-967b-36515df60559",
    "data": [
      {
        "text": "How can I program by voice?",
        "userDefined": false
      }
    ],
    "isTemplate": false,
    "count": 0,
    "updated": 1523244491
  },
  {
    "id": "cce70076-8308-44a4-8af2-9838003e8450",
    "data": [
      {
        "text": "I want to learn to program",
        "userDefined": false
      }
    ],
    "isTemplate": false,
    "count": 0,
    "updated": 1523244491
  },
  {
    "id": "0f036718-5186-40aa-82f1-2ab073f43d74",
    "data": [
      {
        "text": "teach me how to code",
        "userDefined": false
      }
    ],
    "isTemplate": false,
    "count": 0,
    "updated": 1523244491
  },
  {
    "id": "259f2dd3-1e74-47c0-ba14-bfe0edf3ee9f",
    "data": [
      {
        "text": "go back to the beginning",
        "userDefined": false
      }
    ],
    "isTemplate": false,
    "count": 0,
    "updated": 1523244491
  },
  {
    "id": "3382b1a8-a3f1-4b69-a6fd-0c81cf9df0e1",
    "data": [
      {
        "text": "let\u0027s start again",
        "userDefined": false
      }
    ],
    "isTemplate": false,
    "count": 0,
    "updated": 1523244491
  },
  {
    "id": "98ffee1e-08d0-4963-bdba-4a38e66a9486",
    "data": [
      {
        "text": "how do you use this?",
        "userDefined": false
      }
    ],
    "isTemplate": false,
    "count": 0,
    "updated": 1523244491
  },
  {
    "id": "84eb12a9-6eec-4d5b-b38c-136d483dd678",
    "data": [
      {
        "text": "what am i supposed to do",
        "userDefined": false
      }
    ],
    "isTemplate": false,
    "count": 0,
    "updated": 1523244491
  },
  {
    "id": "fb53025a-7a3d-4305-a65f-253950cb310b",
    "data": [
      {
        "text": "how does this work",
        "userDefined": false
      }
    ],
    "isTemplate": false,
    "count": 0,
    "updated": 1523244491
  },
  {
    "id": "449b0e37-2e22-482d-9739-5c67a80c4c40",
    "data": [
      {
        "text": "what\u0027s going on",
        "userDefined": false
      }
    ],
    "isTemplate": false,
    "count": 0,
    "updated": 1523244491
  },
  {
    "id": "9ed8367d-601b-493f-b94a-4e9820e599a7",
    "data": [
      {
        "text": "let\u0027s begin",
        "userDefined": false
      }
    ],
    "isTemplate": false,
    "count": 0,
    "updated": 1523244491
  },
  {
    "id": "f7acb604-5c68-43da-bdc1-f0149d49aeee",
    "data": [
      {
        "text": "let\u0027s start",
        "userDefined": false
      }
    ],
    "isTemplate": false,
    "count": 0,
    "updated": 1523244491
  },
  {
    "id": "00803f7a-2762-4386-9c30-b1249832c593",
    "data": [
      {
        "text": "hey",
        "userDefined": false
      }
    ],
    "isTemplate": false,
    "count": 0,
    "updated": 1523244491
  },
  {
    "id": "1f6b944c-cb0a-4ab2-8243-1f7c31e358f7",
    "data": [
      {
        "text": "hello",
        "userDefined": false
      }
    ],
    "isTemplate": false,
    "count": 1,
    "updated": 1523244491
  }
]