[
  {
    "id": "5ec962ed-d601-4ff3-8c4e-6a5e5cd5c790",
    "data": [
      {
        "text": "let\u0027s build something different",
        "userDefined": false
      }
    ],
    "isTemplate": false,
    "count": 0,
    "updated": 1522728234
  },
  {
    "id": "788b06a4-1832-4ce1-9376-fb7527aa181d",
    "data": [
      {
        "text": "make something else",
        "userDefined": false
      }
    ],
    "isTemplate": false,
    "count": 0,
    "updated": 1522728234
  },
  {
    "id": "c40420a6-244f-4182-9eba-26f4ce655fa2",
    "data": [
      {
        "text": "do something else",
        "userDefined": false
      }
    ],
    "isTemplate": false,
    "count": 0,
    "updated": 1522728234
  }
]