[
  {
    "id": "079a3fc1-4099-49ac-9dc5-5d0ae2b88cc1",
    "data": [
      {
        "text": "i want to create an array",
        "userDefined": false
      }
    ],
    "isTemplate": false,
    "count": 0,
    "updated": 1523244593
  },
  {
    "id": "1cd36e8c-3812-4285-8f1b-5d9234b94568",
    "data": [
      {
        "text": "i want to code an array",
        "userDefined": false
      }
    ],
    "isTemplate": false,
    "count": 0,
    "updated": 1523244593
  },
  {
    "id": "3a3457c4-6b07-4b74-8524-b3f45a49e730",
    "data": [
      {
        "text": "i want to build an array",
        "userDefined": false
      }
    ],
    "isTemplate": false,
    "count": 0,
    "updated": 1523244593
  },
  {
    "id": "343d1421-726c-4f6b-866f-ea2c7505de4c",
    "data": [
      {
        "text": "i want an array",
        "userDefined": false
      }
    ],
    "isTemplate": false,
    "count": 0,
    "updated": 1523244593
  },
  {
    "id": "6573c66d-8007-4425-8766-752e770068ac",
    "data": [
      {
        "text": "a list",
        "userDefined": false
      }
    ],
    "isTemplate": false,
    "count": 0,
    "updated": 1523244593
  },
  {
    "id": "e83fcf59-9cf9-49a9-96a2-c4ba8637d2a1",
    "data": [
      {
        "text": "Yes, an array",
        "userDefined": false
      }
    ],
    "isTemplate": false,
    "count": 0,
    "updated": 1523244593
  },
  {
    "id": "eb8f6031-7770-4008-91a0-bdc29ab6cbe8",
    "data": [
      {
        "text": "array",
        "userDefined": false
      }
    ],
    "isTemplate": false,
    "count": 0,
    "updated": 1523244593
  },
  {
    "id": "3141b991-4a14-4bd5-b13d-b9952a94237b",
    "data": [
      {
        "text": "an array",
        "userDefined": false
      }
    ],
    "isTemplate": false,
    "count": 0,
    "updated": 1523244593
  }
]