[
  {
    "id": "10d4dafd-5da8-412d-89ba-7683a7a03beb",
    "data": [
      {
        "text": "a loop",
        "userDefined": false
      }
    ],
    "isTemplate": false,
    "count": 1,
    "updated": 1522719249
  },
  {
    "id": "31ed04bc-ce04-451e-a414-b38bb63708f0",
    "data": [
      {
        "text": "i want to create a loop",
        "userDefined": false
      }
    ],
    "isTemplate": false,
    "count": 0,
    "updated": 1522722033
  },
  {
    "id": "bd483ece-58d2-4346-8cd2-6935c75c7fae",
    "data": [
      {
        "text": "i want to build a loop",
        "userDefined": false
      }
    ],
    "isTemplate": false,
    "count": 0,
    "updated": 1522722033
  },
  {
    "id": "f733ef80-a6bf-4110-b0b3-70383741081e",
    "data": [
      {
        "text": "i want a loop",
        "userDefined": false
      }
    ],
    "isTemplate": false,
    "count": 0,
    "updated": 1522722033
  },
  {
    "id": "c1d5c1ee-f5a9-46a9-aa9b-e926620f9f64",
    "data": [
      {
        "text": "i want to code a loop",
        "userDefined": false
      }
    ],
    "isTemplate": false,
    "count": 0,
    "updated": 1522722033
  },
  {
    "id": "85dca0fb-3e19-4dd2-b2b2-8b39fffe8c58",
    "data": [
      {
        "text": "loop",
        "userDefined": false
      }
    ],
    "isTemplate": false,
    "count": 0,
    "updated": 1522719249
  },
  {
    "id": "6109aab8-6b6f-4210-a2cd-343d6c2d56db",
    "data": [
      {
        "text": "Yes, a loop",
        "userDefined": false
      }
    ],
    "isTemplate": false,
    "count": 0,
    "updated": 1522719249
  }
]