[
  {
    "id": "2db1e716-f54f-4dda-a940-cd6b897de77c",
    "data": [
      {
        "text": "what is programming",
        "userDefined": false
      }
    ],
    "isTemplate": false,
    "count": 0,
    "updated": 1523413875
  },
  {
    "id": "17bcbad8-1e23-494b-935c-8ec5d95f8b9c",
    "data": [
      {
        "text": "what is code",
        "userDefined": false
      }
    ],
    "isTemplate": false,
    "count": 0,
    "updated": 1523413875
  },
  {
    "id": "51646378-4726-4151-af72-b977dd45a51d",
    "data": [
      {
        "text": "what does code mean",
        "userDefined": false
      }
    ],
    "isTemplate": false,
    "count": 0,
    "updated": 1523413875
  },
  {
    "id": "5f60f03d-54fb-440c-b700-940a6a60ea70",
    "data": [
      {
        "text": "what does code do",
        "userDefined": false
      }
    ],
    "isTemplate": false,
    "count": 0,
    "updated": 1523413875
  },
  {
    "id": "2bd9ce8a-4430-4a97-a0ca-de6ef97b9b19",
    "data": [
      {
        "text": "what\u0027s code",
        "userDefined": false
      }
    ],
    "isTemplate": false,
    "count": 0,
    "updated": 1523413875
  }
]