[
  {
    "id": "c8e2ca16-cd01-4abd-a662-938e3a25f06e",
    "data": [
      {
        "text": "what does an array mean",
        "userDefined": false
      }
    ],
    "isTemplate": false,
    "count": 0,
    "updated": 1522720186
  },
  {
    "id": "8ec0ec2e-e58f-49f6-be9a-79cc911ee36b",
    "data": [
      {
        "text": "what is an array",
        "userDefined": false
      }
    ],
    "isTemplate": false,
    "count": 0,
    "updated": 1522720186
  },
  {
    "id": "123158de-30fc-4f58-89f5-c9416aeac8e0",
    "data": [
      {
        "text": "what does an array do",
        "userDefined": false
      }
    ],
    "isTemplate": false,
    "count": 0,
    "updated": 1522720186
  },
  {
    "id": "8842329b-504e-4b67-8543-a6813f943d1f",
    "data": [
      {
        "text": "what\u0027s an array",
        "userDefined": false
      }
    ],
    "isTemplate": false,
    "count": 0,
    "updated": 1522720186
  }
]