[
  {
    "id": "3ffd80df-8ae3-4209-8f62-64581975bc76",
    "data": [
      {
        "text": "what is a string",
        "userDefined": false
      }
    ],
    "isTemplate": false,
    "count": 0,
    "updated": 1522720415
  },
  {
    "id": "8e535954-2359-40cb-9f98-84a867b7e140",
    "data": [
      {
        "text": "what\u0027s a string",
        "userDefined": false
      }
    ],
    "isTemplate": false,
    "count": 0,
    "updated": 1522720415
  },
  {
    "id": "19e899d7-d30d-4b75-b31d-c8e5059a00c3",
    "data": [
      {
        "text": "what does a string mean",
        "userDefined": false
      }
    ],
    "isTemplate": false,
    "count": 0,
    "updated": 1522720415
  },
  {
    "id": "b00893c5-c623-4faa-aacd-276b07c2981d",
    "data": [
      {
        "text": "what does a string do",
        "userDefined": false
      }
    ],
    "isTemplate": false,
    "count": 0,
    "updated": 1522720415
  }
]