[
  {
    "id": "f82fdac7-854b-41dd-b613-528f2135a8f5",
    "data": [
      {
        "text": "what does a loop do",
        "userDefined": false
      }
    ],
    "isTemplate": false,
    "count": 0,
    "updated": 1522720693
  },
  {
    "id": "57576203-c414-414e-bc32-68e5d921c14d",
    "data": [
      {
        "text": "what\u0027s a loop",
        "userDefined": false
      }
    ],
    "isTemplate": false,
    "count": 0,
    "updated": 1522720693
  },
  {
    "id": "304d4a35-71ef-4356-82b8-0d70efdf5a72",
    "data": [
      {
        "text": "what does a loop mean",
        "userDefined": false
      }
    ],
    "isTemplate": false,
    "count": 0,
    "updated": 1522720693
  },
  {
    "id": "77556c74-ed7f-4457-849d-a9f28723a17b",
    "data": [
      {
        "text": "what is a loop",
        "userDefined": false
      }
    ],
    "isTemplate": false,
    "count": 0,
    "updated": 1522720693
  }
]